Title,Name,Domain,BreachDate,AddedDate,PwnCount,Description,0,1,2,3
000webhost,000webhost,000webhost.com,2015-03-01,2015-10-26T23:35:45Z,13545468,In approximately March 2015, the free web hosting provider <a href="http://www.troyhunt.com/2015/10/breaches-traders-plain-text-passwords.html" target="_blank" rel="noopener" rel="noopener" rel="noopener">000webhost suffered a major data breach</a> that exposed over 13 million customer records. The data was sold and traded before 000webhost was alerted in October. The breach included names, email addresses and plain text passwords.,Email addresses,IP addresses,Names,Passwords
17,17Media,17app.co,2016-04-19,2016-07-08T01:55:03Z,4009640,In April 2016, customer data obtained from the streaming app known as &quot;17&quot; <a href="http://motherboard.vice.com/read/another-day-another-hack-millions-of-user-accounts-for-streaming-app-17" target="_blank" rel="noopener" rel="noopener" rel="noopener">appeared listed for sale on a Tor hidden service marketplace</a>. The data contained over 4 million unique email addresses along with IP addresses, usernames and passwords stored as unsalted MD5 hashes.,Device information,Email addresses,IP addresses,Passwords
Acne.org,AcneOrg,acne.org,2014-11-25,2016-03-06T11:07:41Z,432943,In November 2014, the acne website <a href="http://www.acne.org/" target="_blank" rel="noopener" rel="noopener" rel="noopener">acne.org</a> suffered a data breach that exposed over 430k forum members' accounts. The data was being actively traded on underground forums and included email addresses, birth dates and passwords.,Dates of birth,Email addresses,IP addresses,Passwords
Adobe,Adobe,adobe.com,2013-10-04,2013-12-04T00:00:00Z,152445165,In October 2013, 153 million Adobe accounts were breached with each containing an internal ID, username, email, <em>encrypted</em> password and a password hint in plain text. The password cryptography was poorly done and <a href="http://stricture-group.com/files/adobe-top100.txt" target="_blank" rel="noopener" rel="noopener" rel="noopener">many were quickly resolved back to plain text</a>. The unencrypted hints also <a href="http://www.troyhunt.com/2013/11/adobe-credentials-and-serious.html" target="_blank" rel="noopener" rel="noopener" rel="noopener">disclosed much about the passwords</a> adding further to the risk that hundreds of millions of Adobe customers already faced.,Email addresses,Password hints,Passwords,Usernames
Adult Friend Finder,AdultFriendFinder,adultfriendfinder.com,2015-05-21,2015-05-22T06:03:44Z,3867997,In May 2015, the adult hookup site <a href="http://www.bbc.com/news/business-32839196" target="_blank" rel="noopener" rel="noopener" rel="noopener">Adult Friend Finder was hacked</a> and nearly 4 million records dumped publicly. The data dump included extremely sensitive personal information about individuals and their relationship statuses and sexual preferences combined with personally identifiable information.,Dates of birth,Email addresses,Genders,Geographic locations
AhaShare.com,AhaShare,ahashare.com,2013-05-30,2014-11-06T21:47:52Z,180468,In May 2013, the torrent site <a href="http://www.ahashare.com">AhaShare.com</a> suffered a breach which resulted in more than 180k user accounts being published publicly. The breach included a raft of personal information on registered users plus despite assertions of not distributing personally identifiable information, the site also leaked the IP addresses used by the registered identities.,Email addresses,Genders,Geographic locations,IP addresses
Android Forums,AndroidForums,androidforums.com,2011-10-30,2015-12-20T06:47:19Z,745355,In October 2011, the Android Forums website <a href="http://www.pcworld.com/article/259201/online_android_forum_hacked_user_data_accessed.html" target="_blank" rel="noopener" rel="noopener" rel="noopener">was hacked<a/> and 745k user accounts were subsequently leaked publicly. The compromised data included email addresses, user birth dates and passwords stored as a salted MD5 hash.,Dates of birth,Email addresses,Homepage URLs,Instant messenger identities
Ashley Madison,AshleyMadison,ashleymadison.com,2015-07-19,2015-08-18T20:55:05Z,30811934,In July 2015, the infidelity website Ashley Madison <a href="http://krebsonsecurity.com/2015/07/online-cheating-site-ashleymadison-hacked/" target="_blank" rel="noopener" rel="noopener" rel="noopener">suffered a serious data breach</a>. The attackers threatened Ashley Madison with the full disclosure of the breach unless the service was shut down. One month later, the database was dumped including more than 30M unique email addresses. This breach has been classed as &quot;sensitive&quot; and is not publicly searchable, although individuals may discover if they've been impacted by <a href="https://haveibeenpwned.com/NotifyMe">registering for notifications</a>. <a href="http://www.troyhunt.com/2015/07/heres-how-im-going-to-handle-ashley.html" target="_blank" rel="noopener" rel="noopener" rel="noopener">Read about this approach in detail</a>.,Dates of birth,Email addresses,Ethnicities,Genders
Astropid,AstroPID,astropid.com,2013-12-19,2014-07-06T03:49:45Z,5788,In December 2013, the vBulletin forum for the social engineering site known as "AstroPID" was breached and <a href="https://www.sinister.ly/Thread-40-Compromised-databases" target="_blank" rel="noopener" rel="noopener" rel="noopener">leaked publicly</a>. The site provided tips on fraudulently obtaining goods and services, often by providing a legitimate "PID" or Product Information Description. The breach resulted in nearly 6k user accounts and over 220k private messages between forum members being exposed.,Email addresses,Instant messenger identities,IP addresses,Names
Avast,Avast,avast.com,2014-05-26,2016-03-12T22:08:58Z,422959,In May 2014, <a href="https://www.grahamcluley.com/2014/05/avast-forum-hacked/" target="_blank" rel="noopener" rel="noopener" rel="noopener">the Avast anti-virus forum was hacked</a> and 423k member records were exposed. The Simple Machines Based forum included usernames, emails and password hashes.,Email addresses,Passwords,Usernames
Badoo,Badoo,badoo.com,2013-06-01,2016-07-06T08:16:03Z,112005531,In June 2016, <a href="http://motherboard.vice.com/read/another-day-another-hack-user-accounts-of-dating-site-badoo" target="_blank" rel="noopener" rel="noopener" rel="noopener">a data breach allegedly originating from the social website Badoo was found to be circulating amongst traders</a>. Likely obtained several years earlier, the data contained 112 million unique email addresses with personal data including names, birthdates and passwords stored as MD5 hashes. Whilst there are many indicators suggesting Badoo did indeed suffer a data breach, <a href="https://www.troyhunt.com/introducing-unverified-breaches-to-have-i-been-pwned" target="_blank" rel="noopener" rel="noopener" rel="noopener">the legitimacy of the data could not be emphatically proven</a> so this breach has been categorised as &quot;unverified&quot;.,Dates of birth,Email addresses,Genders,Names
Battlefield Heroes,BattlefieldHeroes,battlefieldheroes.com,2011-06-26,2014-01-23T13:10:29Z,530270,In June 2011 as part of a final breached data dump, the hacker collective &quot;LulzSec&quot; <a href="http://www.rockpapershotgun.com/2011/06/26/lulzsec-over-release-battlefield-heroes-data" target="_blank" rel="noopener" rel="noopener" rel="noopener">obtained and released over half a million usernames and passwords from the game Battlefield Heroes</a>. The passwords were stored as MD5 hashes with no salt and many were easily converted back to their plain text versions.,Passwords,Usernames
Beautiful People,BeautifulPeople,beautifulpeople.com,2015-11-11,2016-04-25T10:05:34Z,1100089,In November 2015, the dating website <a href="http://www.forbes.com/sites/thomasbrewster/2016/04/25/beautiful-people-hack-sexual-preference-location-addresses/#26a2cdf7559f" target="_blank" rel="noopener" rel="noopener" rel="noopener">Beautiful People was hacked</a> and over 1.1M accounts were leaked. The data was being traded in underground circles and included a huge amount of personal information related to dating.,Beauty ratings,Car ownership statuses,Dates of birth,Drinking habits
Bell,Bell,bell.ca,2014-02-01,2014-02-01T23:57:10Z,20902,In February 2014, <a href="http://news.softpedia.com/news/Hackers-Claim-to-Have-Breached-Bell-Canada-s-Systems-422952.shtml?utm_medium=twitter&utm_source=FredToadster" target="_blank" rel="noopener" rel="noopener" rel="noopener">Bell Canada suffered a data breach via the hacker collective known as NullCrew</a>. The breach included data from multiple locations within Bell and exposed email addresses, usernames, user preferences and a number of unencrypted passwords and credit card data from 40,000 records containing just over 20,000 unique email addresses and usernames.,Credit cards,Genders,Passwords,Usernames
BigMoneyJobs,BigMoneyJobs,bigmoneyjobs.com,2014-04-03,2014-04-08T05:44:10Z,36789,In April 2014, the job site <a href="http://www.bigmoneyjobs.com">bigmoneyjobs.com</a> was <a href="https://twitter.com/ProbablyOnion2/status/451477310319779841" target="_blank" rel="noopener" rel="noopener" rel="noopener">hacked by an attacker known as &quot;ProbablyOnion&quot;</a>. The attack resulted in the <a href="http://news.softpedia.com/news/BigMoneyJobs-Hacked-Details-of-36-000-Users-Leaked-Online-436250.shtml?utm_source=twitterfeed&utm_medium=twitter&utm_campaign=information_security" target="_blank" rel="noopener" rel="noopener" rel="noopener">exposure of over 36,000 user accounts</a> including email addresses, usernames and passwords which were stored in plain text. The attack was allegedly mounted by exploiting a SQL injection vulnerability.,Career levels,Education levels,Email addresses,Names
Bitcoin Security Forum Gmail Dump,BTSec,forum.btcsec.com,2014-01-09,2014-09-10T20:30:11Z,4789599,In September 2014, a large dump of nearly 5M usernames and passwords was <a href="https://forum.btcsec.com/index.php?/topic/9426-gmail-meniai-parol/" target="_blank" rel="noopener" rel="noopener" rel="noopener">posted to a Russian Bitcoin forum</a>. Whilst commonly reported as 5M &quot;Gmail passwords&quot;, the dump also contained 123k yandex.ru addresses. Whilst the origin of the breach remains unclear, the breached credentials were <a href="http://web.archive.org/web/20140910190920/http://www.reddit.com/r/netsec/comments/2fz13q/5_millions_of_gmail_passwords_leaked_rus_most/" target="_blank" rel="noopener" rel="noopener" rel="noopener">confirmed by multiple source as correct</a>, albeit a number of years old.,Email addresses,Passwords
BitTorrent,BitTorrent,bittorrent.com,2016-01-01,2016-06-08T10:49:24Z,34235,In January 2016, the forum for the popular torrent software <a href="https://motherboard.vice.com/read/another-day-another-hack-user-accounts-for-bittorrents-forum-hacking" target="_blank" rel="noopener" rel="noopener" rel="noopener">BitTorrent was hacked</a>. The IP.Board based forum stored passwords as weak SHA1 salted hashes and the breached data also included usernames, email and IP addresses.,Email addresses,IP addresses,Passwords,Usernames
Black Hat World,BlackHatWorld,blackhatworld.com,2014-06-23,2015-11-03T22:20:17Z,777387,In June 2014, the search engine optimisation forum <a href="http://www.blackhatworld.com" target="_blank" rel="noopener" rel="noopener" rel="noopener">Black Hat World</a> had three quarters of a million accounts breached from their system. The breach included various personally identifiable attributes which were publicly released in a MySQL database script.,Dates of birth,Email addresses,Instant messenger identities,IP addresses
Boxee,Boxee,forums.boxee.com,2014-03-29,2014-03-30T13:07:16Z,158093,In March 2014, the home theatre PC software maker Boxee had their forums compromised in an attack. The attackers obtained the entire vBulletin MySQL database and promptly posted it for download on the Boxee forum itself. The data included 160k users, password histories, private messages and a variety of other data exposed across nearly 200 publicly exposed tables.,Dates of birth,Email addresses,Geographic locations,Historical passwords
Business Acumen Magazine,BusinessAcumen,businessacumen.biz,2014-04-25,2014-05-11T04:25:48Z,26596,In April 2014, the Australian "Business Acumen Magazine" website was <a href="http://1337mir.com/cracked/2014/04/businessacumen-biz-hacked-26000-user-password-leaked/" target="_blank" rel="noopener" rel="noopener" rel="noopener">hacked by an attacker known as 1337MiR</a>. The breach resulted in over 26,000 accounts being exposed including usernames, email addresses and password stored with a weak cryptographic hashing algorithm (MD5 with no salt).,Email addresses,Names,Passwords,Usernames
Cannabis.com,CannabisForum,cannabis.com,2014-02-05,2014-06-01T07:55:24Z,227746,In February 2014, the vBulletin forum for the Marijuana site cannabis.com was breached and <a href="https://www.google.com/search?q=%22cannabisforum.tar%22" target="_blank" rel="noopener" rel="noopener" rel="noopener">leaked publicly</a>. Whilst there has been no public attribution of the breach, the leaked data included over 227k accounts and nearly 10k private messages between users of the forum.,Dates of birth,Email addresses,Geographic locations,Historical passwords
Comcast,Comcast,comcast.net,2015-11-08,2016-02-08T21:41:43Z,616882,In November 2015, the US internet and cable TV provider Comcast <a href="http://www.ibtimes.co.uk/comcast-data-breach-590000-customer-passwords-go-sale-dark-web-1528026" target="_blank" rel="noopener" rel="noopener" rel="noopener">suffered a data breach that exposed 590k customer email addresses and plain text passwords</a>. A further 27k accounts appeared with home addresses with the entire data set being sold on underground forums.,Email addresses,Passwords,Physical addresses
COMELEC (Philippines Voters),COMELEC,comelec.gov.ph,2016-03-27,2016-04-14T02:24:32Z,228605,In March 2016, <a href="http://www.comelec.gov.ph/" target="_blank" rel="noopener" rel="noopener" rel="noopener">the Philippines Commission of Elections website</a> (COMELEC) was <a href="http://www.rappler.com/nation/politics/elections/2016/127256-comelec-website-hacked-anonymous-philippines" target="_blank" rel="noopener" rel="noopener" rel="noopener">attacked and defaced</a>, allegedly by Anonymous Philippines. Shortly after, <a href="http://www.theregister.co.uk/2016/04/07/philippine_voter_data_breach/" target="_blank" rel="noopener" rel="noopener" rel="noopener">data on 55 million Filipino voters was leaked publicly</a> and included sensitive information such as genders, marital statuses, height and weight and biometric fingerprint data. The breach only included 228k email addresses.,Biometric data,Dates of birth,Email addresses,Family members' names
Crack Community,CrackCommunity,crackcommunity.com,2013-09-09,2015-02-03T06:30:05Z,19210,In late 2013, the <a href="http://crackcommunity.com" target="_blank" rel="noopener" rel="noopener" rel="noopener">Crack Community</a> forum specialising in cracks for games was compromised and over 19k accounts published online. Built on the MyBB forum platform, the compromised data included email addresses, IP addresses and salted MD5 passwords.,Email addresses,IP addresses,Passwords,Usernames
Domino's,Dominos,pizza.dominos.be,2014-06-13,2015-01-04T03:03:34Z,648231,In June 2014, <a href="http://www.welivesecurity.com/2014/06/16/dominos-pizza-hacked/" target="_blank" rel="noopener" rel="noopener" rel="noopener">Domino's Pizza in France and Belgium was hacked</a> by a group going by the name &quot;Rex Mundi&quot; and their customer data held to ransom. Domino's refused to pay the ransom and six months later, the attackers <a href="http://cyberintelligence.in/rex-mundi-hackers-leaked-data-dominos-accord-easypay/" target="_blank" rel="noopener" rel="noopener" rel="noopener">released the data</a> along with troves of other hacked accounts. Amongst the customer data was passwords stored with a weak MD5 hashing algorithm and no salt.,Email addresses,Names,Passwords,Phone numbers
Dropbox,Dropbox,dropbox.com,2012-07-01,2016-08-31T00:19:19Z,68648009,In mid-2012, Dropbox suffered a data breach which exposed the stored credentials of tens of millions of their customers. In August 2016, <a href="https://motherboard.vice.com/read/dropbox-forces-password-resets-after-user-credentials-exposed" target="_blank" rel="noopener" rel="noopener" rel="noopener">they forced password resets for customers they believed may be at risk</a>. A large volume of data totalling over 68 million records <a href="https://motherboard.vice.com/read/hackers-stole-over-60-million-dropbox-accounts" target="_blank" rel="noopener" rel="noopener" rel="noopener">was subsequently traded online</a> and included email addresses and salted hashes of passwords (half of them SHA1, half of them bcrypt).,Email addresses,Passwords
Dungeons & Dragons Online,DDO,ddo.com,2013-04-02,2016-03-12T10:59:56Z,1580933,In April 2013, the interactive video game <a href="https://www.ddo.com" target="_blank" rel="noopener" rel="noopener" rel="noopener">Dungeons &amp; Dragons Online</a> suffered a data breach that exposed almost 1.6M players' accounts. The data was being actively traded on underground forums and included email addresses, birth dates and password hashes.,Dates of birth,Email addresses,IP addresses,Passwords
Final Fantasy Shrine,FFShrine,ffshrine.org,2015-09-18,2015-10-31T12:43:58Z,620677,In September 2015, <a href="http://ffshrine.org" target="_blank" rel="noopener" rel="noopener" rel="noopener">the Final Fantasy discussion forum known as FFShrine</a> was breached and the data dumped publicly. Approximately 620k records were released containing email addresses, IP addresses and salted hashes of passwords.,Email addresses,Passwords,Usernames,Website activity
Flashback,Flashback,flashback.se,2015-02-11,2015-02-12T05:42:12Z,40256,In February 2015, <a href="http://www.flashback.se/" target="_blank" rel="noopener" rel="noopener" rel="noopener">the Swedish forum known as Flashback</a> had sensitive internal data on 40k members published via the tabloid newspaper <a href="http://www.aftonbladet.se/" target="_blank" rel="noopener" rel="noopener" rel="noopener">Aftonbladet</a>. The data was <a href="http://swedishsurveyor.com/2015/02/11/the-inquisition/">allegedly sold to them via Researchgruppen</a> (The Research Group) <a href="http://www.technologyreview.com/photoessay/533426/the-troll-hunters/" target="_blank" rel="noopener" rel="noopener" rel="noopener">who have a history of exposing otherwise anonymous users</a>, primarily those who they believe participate in &quot;troll like&quot; behaviour. The compromised data includes social security numbers, home and email addresses.,Email addresses,Government issued IDs,Physical addresses
Fling,Fling,fling.com,2011-03-10,2016-05-28T23:08:07Z,40767652,In 2011, the self-proclaimed &quot;World's Best Adult Social Network&quot; website known as Fling <a href="http://motherboard.vice.com/read/another-day-another-hack-passwords-and-sexual-desires-for-dating-site-fling" target="_blank" rel="noopener" rel="noopener" rel="noopener">was hacked and more than 40 million accounts obtained by the attacker</a>. The breached data included highly sensitive personal attributes such as sexual orientation and sexual interests as well as email addresses and passwords stored in plain text.,Dates of birth,Email addresses,Genders,Geographic locations
Forbes,Forbes,forbes.com,2014-02-15,2014-02-15T11:24:42Z,1057819,In February 2014, the Forbes website <a href="http://news.cnet.com/8301-1009_3-57618945-83/syrian-electronic-army-hacks-forbes-steals-user-data" target="_blank" rel="noopener" rel="noopener" rel="noopener">succumbed to an attack that leaked over 1 million user accounts</a>. The attack was attributed to the Syrian Electronic Army, allegedly as retribution for a perceived "Hate of Syria". The attack not only leaked user credentials, but also resulted in the posting of fake news stories to forbes.com.,Email addresses,Passwords,User website URLs,Usernames
Foxy Bingo,FoxyBingo,foxybingo.com,2008-04-04,2015-11-22T01:05:05Z,252216,In April 2007, the online gambling site <a href="https://www.foxybingo.com" target="_blank" rel="noopener" rel="noopener" rel="noopener">Foxy Bingo</a> was hacked and 252,000 accounts were obtained by the hackers. The breached records <a href="http://www.itpro.co.uk/637279/gambler-busted-flogging-stolen-data-to-gaming-firms" target="_blank" rel="noopener" rel="noopener" rel="noopener">were subsequently sold and traded</a> and included personal information data such as plain text passwords, birth dates and home addresses.,Account balances,Dates of birth,Email addresses,Genders
Fridae,Fridae,fridae.asia,2014-05-02,2014-05-06T02:48:35Z,35368,In May 2014, over 25,000 user accounts were breached from the Asian lesbian, gay, bisexual and transgender website known as "Fridae". The attack which was <a href="https://twitter.com/Survela/status/463327706361659392" target="_blank" rel="noopener" rel="noopener" rel="noopener">announced on Twitter</a> appears to have been <a href="http://pastebin.com/ipFKjv6z" target="_blank" rel="noopener" rel="noopener" rel="noopener">orchestrated by Deletesec</a> who claim that "Digital weapons shall annihilate all secrecy within governments and corporations". The exposed data included password stored in plain text. ,Email addresses,Passwords,Usernames,Website activity
Fur Affinity,FurAffinity,furaffinity.net,2016-05-17,2016-05-27T09:36:18Z,1270564,In May 2016, the Fur Affinity website for people with an interest in anthropomorphic animal characters (also known as "furries") <a href="http://motherboard.vice.com/read/another-day-another-hack-furry-site-hacked-content-deleted" target="_blank" rel="noopener" rel="noopener" rel="noopener">was hacked</a>. The attack exposed 1.2M email addresses (many accounts had a different "first" and "last" email against them) and hashed passwords.,Email addresses,Passwords,Usernames
Gamerzplanet,GamerzPlanet,gamerzplanet.net,2015-10-23,2016-02-05T20:12:26Z,1217166,In approximately October 2015, the online gaming forum known as <a href="http://gamerzplanet.net" target="_blank" rel="noopener" rel="noopener" rel="noopener">Gamerzplanet</a> was hacked and more than 1.2M accounts were exposed. The vBulletin forum included IP addresses and passwords stored as salted hashes using a weak implementation enabling many to be rapidly cracked.,Email addresses,IP addresses,Passwords,Usernames
Gamigo,Gamigo,gamigo.com,2012-03-01,2016-01-18T16:26:24Z,8243604,In March 2012, the German online game publisher Gamigo <a href="http://www.zdnet.com/article/8-24-million-gamigo-passwords-leaked-after-hack/" target="_blank" rel="noopener" rel="noopener" rel="noopener">was hacked</a> and more than 8 million accounts publicly leaked. The breach included email addresses and passwords stored as weak MD5 hashes with no salt.,Email addresses,Passwords
Gawker,Gawker,gawker.com,2010-12-11,2013-12-04T00:00:00Z,1247574,In December 2010, Gawker was attacked by the hacker collective &quot;Gnosis&quot; in retaliation for what was reported to be a feud between Gawker and 4Chan. Information about Gawkers 1.3M users was published along with the data from Gawker's other web presences including Gizmodo and Lifehacker. Due to the prevalence of password reuse, many victims of the breach <a href="http://www.troyhunt.com/2011/01/why-your-apps-security-design-could.html" target="_blank" rel="noopener" rel="noopener" rel="noopener">then had their Twitter accounts compromised to send Acai berry spam</a>.,Email addresses,Passwords,Usernames
GTAGaming,GTAGaming,gtagaming.com,2016-08-01,2016-08-23T20:41:17Z,197184,In August 2016, the Grand Theft Auto forum <a href="https://motherboard.vice.com/read/grand-theft-auto-fan-site-hacked" target="_blank" rel="noopener" rel="noopener" rel="noopener">GTAGaming was hacked and nearly 200k user accounts were leaked</a>. The vBulletin based forum included usernames, email addresses and password hashes.,Dates of birth,Email addresses,IP addresses,Passwords
hackforums.net,HackForums,hackforums.net,2011-06-25,2014-05-11T10:30:43Z,191540,In June 2011, the hacktivist group known as "LulzSec" leaked <a href="http://www.forbes.com/sites/andygreenberg/2011/06/25/lulzsec-says-goodbye-dumping-nato-att-gamer-data/" target="_blank" rel="noopener" rel="noopener" rel="noopener">one final large data breach they titled "50 days of lulz"</a>. The compromised data came from sources such as AT&T, Battlefield Heroes and the <a href="http://hackforums.net" target="_blank" rel="noopener" rel="noopener" rel="noopener">hackforums.net website</a>. The leaked Hack Forums data included credentials and personal information of nearly 200,000 registered forum users.,Dates of birth,Email addresses,Instant messenger identities,IP addresses
Hacking Team,HackingTeam,hackingteam.com,2015-07-06,2015-07-12T23:52:27Z,32310,In July 2015, the Italian security firm <a href="http://hackingteam.com" target="_blank" rel="noopener" rel="noopener" rel="noopener">Hacking Team</a> suffered a major data breach that resulted in over 400GB of their data being <a href="http://www.techtimes.com/articles/68204/20150711/hacking-team-hacked-400gb-data-dump-state-surveillance-exposes-dirty.htm" target="_blank" rel="noopener" rel="noopener" rel="noopener">posted online via a torrent</a>. The data searchable on &quot;Have I been pwned?&quot; is from 189GB worth of PST mail folders in the dump. The contents of the PST files is <a href="https://wikileaks.org/hackingteam/emails" target="_blank" rel="noopener" rel="noopener" rel="noopener">searchable on Wikileaks</a>.,Email addresses,Email messages
Hemmakväll,Hemmakvall,hemmakvall.se,2015-07-08,2015-07-09T09:23:52Z,47297,In July 2015, the Swedish video store chain <a href="http://www.hemmakvall.se/" target="_blank" rel="noopener" rel="noopener" rel="noopener">Hemmakväll</a> <a href="http://www.dn.se/ekonomi/hemmakvall-hackat-50000-kunders-uppgifter-pa-vift/" target="_blank" rel="noopener" rel="noopener" rel="noopener">was hacked</a> and nearly 50k records dumped publicly. The disclosed data included various attributes of their customers including email and physical addresses, names and phone numbers. Passwords were also leaked, stored with a weak MD5 hashing algorithm.,Email addresses,Names,Passwords,Phone numbers
hemmelig.com,Hemmelig,hemmelig.com,2011-12-21,2014-03-25T07:23:52Z,28641,In December 2011, Norway's largest online sex shop hemmelig.com was <a href="http://www.dazzlepod.com/hemmelig/?page=93" target="_blank" rel="noopener" rel="noopener" rel="noopener">hacked by a collective calling themselves &quot;Team Appunity&quot;</a>. The attack exposed over 28,000 usernames and email addresses along with nicknames, gender, year of birth and unsalted MD5 password hashes.,Email addresses,Genders,Nicknames,Passwords
Heroes of Newerth,HeroesOfNewerth,heroesofnewerth.com,2012-12-17,2016-01-24T16:27:23Z,8089103,In December 2012, the multiplayer online battle arena game known as <a href="http://www.heroesofnewerth.com/" target="_blank" rel="noopener" rel="noopener" rel="noopener">Heroes of Newerth</a> <a href="https://www.reddit.com/r/HeroesofNewerth/comments/14zj2p/i_am_the_guy_who_hacked_hon/" target="_blank" rel="noopener" rel="noopener" rel="noopener"> was hacked</a> and over 8 million accounts extracted from the system. The compromised data included usernames, email addresses and passwords.,Email addresses,Passwords,Usernames
iMesh,iMesh,imesh.com,2013-09-22,2016-07-02T05:42:13Z,49467477,In September 2013, the media and file sharing client known as <a href="http://www.ibtimes.co.uk/imesh-hack-more-51-million-user-records-former-filesharing-site-sale-dark-web-1565185" target="_blank" rel="noopener" rel="noopener" rel="noopener">iMesh was hacked and approximately 50M accounts were exposed</a>. The data was later put up for sale on a dark market website in mid-2016 and included email and IP addresses, usernames and salted MD5 hashes.,Email addresses,IP addresses,Passwords,Usernames
Insanelyi,Insanelyi,insanelyi.com,2014-07-22,2014-07-22T22:56:15Z,104097,In July 2014, the iOS forum <a href="http://insanelyi.com" target="_blank" rel="noopener" rel="noopener" rel="noopener">Insanelyi</a> was <a href="http://securityaffairs.co/wordpress/26835/hacking/hacked-bigboss-cydia.html?utm_content=bufferc7e16" target="_blank" rel="noopener" rel="noopener" rel="noopener">hacked by an attacker known as Kim Jong-Cracks</a>. A popular source of information for users of jailbroken iOS devices running Cydia, the Insanelyi breach disclosed over 104k users' emails addresses, user names and weakly hashed passwords (salted MD5).,Email addresses,Passwords,Usernames,Website activity
InterPals,Interpals,interpals.net,2015-11-04,2016-08-30T11:22:42Z,3439414,In late 2015, the online penpal site InterPals had their website hacked and 3.4 million accounts exposed. The compromised data included email addresses, geographical locations, birthdates and salted hashes of passwords.,Dates of birth,Email addresses,Geographic locations,Names
iPmart,iPmart,ipmart-forum.com,2015-07-01,2016-02-23T10:13:22Z,2460787,During 2015, the <a href="http://ipmart-forum.com" target="_blank" rel="noopener" rel="noopener" rel="noopener">iPmart forum</a> (now known as Mobi NUKE) was hacked and over 2 million forum members' details were exposed. The vBulletin forum included IP addresses, birth dates and passwords stored as salted hashes using a weak implementation enabling many to be rapidly cracked. A further 368k accounts were added to &quot;Have I been pwned&quot; in March 2016 bringing the total to over 2.4M.,Dates of birth,Email addresses,Passwords,Usernames
KM.RU,KMRU,km.ru,2016-02-29,2016-03-03T06:12:04Z,1476783,In February 2016, the Russian portal and email service <a href="http://km.ru" target="_blank" rel="noopener" rel="noopener" rel="noopener">KM.RU</a> was the target of an attack which was consequently <a href="https://www.reddit.com/r/pwned/comments/47u1bf/operation_wrath_of_anakin_evolved" target="_blank" rel="noopener" rel="noopener" rel="noopener">detailed on Reddit</a>. Allegedly protesting &quot;the foreign policy of Russia in regards to Ukraine&quot;, KM.RU was one of several Russian sites in the breach and impacted almost 1.5M accounts including sensitive personal information.,Dates of birth,Email addresses,Genders,Geographic locations
Lifeboat,Lifeboat,lbsg.net,2016-01-01,2016-04-25T21:51:50Z,7089395,In January 2016, the Minecraft community known as Lifeboat <a href="https://motherboard.vice.com/read/another-day-another-hack-7-million-emails-and-hashed-passwords-for-minecraft" target="_blank" rel="noopener" rel="noopener" rel="noopener">was hacked and more than 7 million accounts leaked</a>. Lifeboat knew of the incident for three months before the breach was made public but elected not to advise customers. The leaked data included usernames, email addresses and passwords stored as straight MD5 hashes.,Email addresses,Passwords,Usernames
LinkedIn,LinkedIn,linkedin.com,2012-05-05,2016-05-21T21:35:40Z,164611595,In May 2016, <a href="https://www.troyhunt.com/observations-and-thoughts-on-the-linkedin-data-breach" target="_blank" rel="noopener" rel="noopener" rel="noopener">LinkedIn had 164 million email addresses and passwords exposed</a>. Originally hacked in 2012, the data remained out of sight until being offered for sale on a dark market site 4 years later. The passwords in the breach were stored as SHA1 hashes without salt, the vast majority of which were quickly cracked in the days following the release of the data.,Email addresses,Passwords
Linux Mint,LinuxMint,linuxmint.com,2016-02-21,2016-02-22T01:28:08Z,144989,In February 2016, the website for the Linux distro known as Linux Mint <a href="http://thehackernews.com/2016/02/linux-mint-hack.html" target="_blank" rel="noopener" rel="noopener" rel="noopener">was hacked and the ISO infected with a backdoor</a>. The site also ran a phpBB forum which was subsequently put up for sale complete with almost 145k email addresses, passwords and other personal subscriber information.,Avatars,Dates of birth,Email addresses,Geographic locations
Lizard Squad,LizardSquad,lizardstresser.su,2015-01-16,2015-01-18T01:24:24Z,13451,In January 2015, the hacker collective known as &quot;Lizard Squad&quot; created a DDoS service by the name of &quot;Lizard Stresser&quot; which could be procured to mount attacks against online targets. Shortly thereafter, the service <a href="https://krebsonsecurity.com/2015/01/another-lizard-arrested-lizard-lair-hacked/">suffered a data breach</a> which resulted in the public disclosure of over 13k user accounts including passwords stored in plain text.,Email addresses,Passwords,Usernames
Lord of the Rings Online,LOTR,lotro.com,2013-08-01,2016-03-12T12:46:03Z,1141278,In August 2013, the interactive video game <a href="https://www.lotro.com" target="_blank" rel="noopener" rel="noopener" rel="noopener">Lord of the Rings Online</a> suffered a data breach that exposed over 1.1M players' accounts. The data was being actively traded on underground forums and included email addresses, birth dates and password hashes.,Dates of birth,Email addresses,IP addresses,Passwords
Lounge Board,LoungeBoard,loungeboard.net,2013-08-01,2014-07-06T10:22:01Z,45018,At some point in 2013, 45k accounts were <a href="http://leak.sx/thread-186921" target="_blank" rel="noopener" rel="noopener" rel="noopener">breached from the Lounge Board "General Discussion Forum" and then dumped publicly</a>. Lounge Board was a MyBB forum launched in 2012 and discontinued in mid 2013 (the last activity in the logs was from August 2013).,Email addresses,IP addresses,Names,Passwords
Mac-Torrents,Mac-Torrents,mac-torrents.com,2015-10-31,2015-10-31T23:54:26Z,93992,In October 2015, the torrent site <a href="http://www.mac-torrents.com" target="_blank" rel="noopener" rel="noopener" rel="noopener">Mac-Torrents</a> was hacked and almost 94k usernames, email addresses and passwords were leaked. The passwords were hashed with MD5 and no salt.,Email addresses,Passwords,Usernames
mail.ru Dump,MailRu,mail.ru,2014-09-10,2014-09-12T04:50:22Z,4821262,In September 2014, several large dumps of user accounts appeared on the <a href="https://forum.btcsec.com/" target="_blank" rel="noopener" rel="noopener" rel="noopener">Russian Bitcoin Security Forum</a> including one with nearly 5M email addresses and passwords, predominantly on the mail.ru domain. Whilst <a href="http://globalvoicesonline.org/2014/09/10/russia-email-yandex-mailru-passwords-hacking/" target="_blank" rel="noopener" rel="noopener" rel="noopener">unlikely to be the result of a direct attack again mail.ru</a>, the credentials were confirmed by many as legitimate for other services they had subscribed to.,Email addresses,Passwords
MajorGeeks,MajorGeeks,majorgeeks.com,2015-11-15,2016-03-03T02:45:09Z,269548,In November 2015, almost 270k accounts from the <a href="http://www.majorgeeks.com" target="_blank" rel="noopener" rel="noopener" rel="noopener">MajorGeeks</a> support forum were breached. The accounts were being actively sold and traded online and included email addresses, salted password hashes and IP addresses.,Email addresses,IP addresses,Passwords,Usernames
Malwarebytes,Malwarebytes,malwarebytes.org,2014-11-15,2016-03-09T11:15:43Z,111623,In November 2014, the <a href="http://www.scmagazine.com/malwarebytes-forum-hacked/article/385187/" target="_blank" rel="noopener" rel="noopener" rel="noopener">Malwarebytes forum was hacked</a> and 111k member records were exposed. The IP.Board forum included email and IP addresses, birth dates and passwords stored as salted hashes using a weak implementation enabling many to be rapidly cracked.,Dates of birth,Email addresses,IP addresses,Passwords
Manga Traders,MangaTraders,mangatraders.com,2014-10-06,2014-06-10T03:49:45Z,855249,In June 2014, the Manga trading website <a href="http://www.mangatraders.com" target="_blank" rel="noopener" rel="noopener" rel="noopener">Mangatraders.com</a> had the usernames and passwords of over 900k users <a href="http://boards.4chan.org/a/thread/108603065/mangatraders-has-been-hacked-emails-and-passwords" target="_blank" rel="noopener" rel="noopener" rel="noopener">leaked on the internet</a> (approximately 855k of the emails were unique). The passwords were weakly hashed with a single iteration of MD5 leaving them vulnerable to being easily cracked.,Email addresses,Passwords
Mate1.com,Mate1,mate1.com,2016-02-29,2016-04-14T23:37:15Z,27393015,In February 2016, the dating site <a href="http://motherboard.vice.com/read/hacker-claims-to-have-sold-27m-dating-site-passwords-mate1-com-hell-forum" target="_blank" rel="noopener" rel="noopener" rel="noopener">mate1.com suffered a huge data breach</a> resulting in the disclosure of over 27 million subscribers' information. The data included deeply personal information about their private lives including drug and alcohol habits, incomes levels and sexual fetishes as well as passwords stored in plain text.,Astrological signs,Dates of birth,Drinking habits,Drug habits
Minecraft Pocket Edition Forum,MinecraftPocketEditionForum,minecraftpeforum.net,2015-05-24,2015-06-30T09:19:43Z,16034,In May 2015, the <a href="http://www.databreaches.net/minecraft-pocket-edition-forum-hacked-dumped/" target="_blank" rel="noopener" rel="noopener" rel="noopener">Minecraft Pocket Edition forum was hacked</a> and over 16k accounts were dumped public. Allegedly hacked by <a href="https://twitter.com/rmsg0d" target="_blank" rel="noopener" rel="noopener" rel="noopener">@rmsg0d</a>, the forum data included numerous personal pieces of data for each user. The forum has subsequently been decommissioned.,Email addresses,IP addresses,Passwords,Usernames
Minecraft World Map,MinecraftWorldMap,minecraftworldmap.com,2016-01-15,2016-08-29T01:07:38Z,71081,In approximately January 2016, the Minecraft World Map site designed for sharing maps created for the game was hacked and over 71k user accounts were exposed. The data included usernames, email and IP addresses along with salted and hashed passwords.,Email addresses,IP addresses,Passwords,Usernames
Minefield,Minefield,minefield.fr,2015-06-28,2016-03-09T08:18:43Z,188343,In June 2015, the French Minecraft server known as <a href="https://www.minefield.fr" target="_blank" rel="noopener" rel="noopener" rel="noopener">Minefield</a> was hacked and 188k member records were exposed. The IP.Board forum included email and IP addresses, birth dates and passwords stored as salted hashes using a weak implementation enabling many to be rapidly cracked.,Dates of birth,Email addresses,IP addresses,Passwords
Money Bookers,MoneyBookers,moneybookers.com,2009-01-01,2015-11-30T09:21:55Z,4483605,Sometime in 2009, the e-wallet service known as Money Bookers <a href="http://www.forbes.com/sites/thomasbrewster/2015/11/30/paysafe-optimal-neteller-moneybookers-gambling-cyberattacks-data-breach/" target="_blank" rel="noopener" rel="noopener" rel="noopener">suffered a data breach which exposed almost 4.5M customers</a>. Now called Skrill, the breach was not discovered until October 2015 and included names, email addresses, home addresses and IP addresses.,Dates of birth,Email addresses,IP addresses,Names
MPGH,MPGH,mpgh.net,2015-10-22,2015-10-26T03:20:20Z,3122898,In October 2015, the multiplayer game hacking website <a href="http://www.mpgh.net">MPGH was hacked</a> and 3.1 million user accounts disclosed. The vBulletin forum breach contained usernames, email addresses, IP addresses and salted hashes of passwords.,Email addresses,IP addresses,Passwords,Usernames
mSpy,mSpy,mspy.com,2015-05-14,2015-05-28T18:09:16Z,699793,In May 2015, the &quot;monitoring&quot; software known as <a href="http://www.mspy.com" target="_blank" rel="noopener" rel="noopener" rel="noopener">mSpy</a> suffered a <a href="http://krebsonsecurity.com/2015/05/mobile-spy-software-maker-mspy-hacked-customer-data-leaked/#more-30913" target="_blank" rel="noopener" rel="noopener" rel="noopener">major data breach</a>. The software (allegedly often used to spy on unsuspecting victims), stored extensive personal information within their online service which after being breached, was made freely available on the internet.,Device usage tracking data
Muslim Directory,MuslimDirectory,muslimdirectory.co.uk,2014-02-17,2014-02-23T03:09:38Z,37784,In February 2014, the UK guide to services and business known as the Muslim Directory was <a href="http://www.cyberwarnews.info/2014/02/17/muslim-directory-hacked-38903-user-credentials-leaked/" target="_blank" rel="noopener" rel="noopener" rel="noopener">attacked by the hacker known as @th3inf1d3l</a>. The data was consequently dumped publicly and included the web accounts of tens of thousands of users which contained data including their names, home address, age group, email, website activity and password in plain text.,Age groups,Email addresses,Employers,Names
Muslim Match,MuslimMatch,muslimmatch.com,2016-06-24,2016-06-29T19:08:15Z,149830,In June 2016, <a href="https://motherboard.vice.com/read/hacked-private-messages-from-dating-site-muslim-match" target="_blank" rel="noopener" rel="noopener" rel="noopener">the Muslim Match dating website had 150k email addresses exposed<a/>. The data included private chats and messages between relationship seekers and numerous other personal attributes including passwords hashed with MD5.,Chat logs,Email addresses,Geographic locations,IP addresses
myRepoSpace,myRepoSpace,myrepospace.com,2015-07-06,2015-07-08T08:44:51Z,252751,In July 2015, the Cydia repository known as <a href="https://myrepospace.com/" target="_blank" rel="noopener" rel="noopener" rel="noopener">myRepoSpace</a> was hacked and <a href="https://www.reddit.com/r/jailbreak/comments/3c9qr1/discussion_myrepospace_user_data_leaked/" target="_blank" rel="noopener" rel="noopener" rel="noopener">user data leaked publicly</a>. Cydia is designed to facilitate the installation of apps on jailbroken iOS devices. The repository service was allegedly hacked by <a href="https://twitter.com/its_not_herpes" target="_blank" rel="noopener" rel="noopener" rel="noopener">@its_not_herpes</a> and <a href="https://twitter.com/0x8badfl00d" target="_blank" rel="noopener" rel="noopener" rel="noopener">0x8badfl00d</a> in retaliation for the service refusing to remove pirated tweaks.,Email addresses,IP addresses,Passwords,Usernames
MySpace,MySpace,myspace.com,2008-07-01,2016-05-31T00:12:29Z,359420698,In approximately 2008, <a href="http://motherboard.vice.com/read/427-million-myspace-passwords-emails-data-breach" target="_blank" rel="noopener" rel="noopener" rel="noopener">MySpace suffered a data breach that exposed almost 360 million accounts</a>. In May 2016 the data was offered up for sale on the &quot;Real Deal&quot; dark market website and included email addresses, usernames and SHA1 hashes of the first 10 characters of the password converted to lowercase and stored without a salt. The exact breach date is unknown, but <a href="https://www.troyhunt.com/dating-the-ginormous-myspace-breach" target="_blank" rel="noopener" rel="noopener" rel="noopener">analysis of the data suggests it was 8 years before being made public</a>.,Email addresses,Passwords,Usernames
MyVidster,MyVidster,myvidster.com,2015-08-15,2015-10-10T07:06:17Z,19863,In August 2015, the social video sharing and bookmarking site <a href="https://www.reddit.com/r/pwned/comments/3h4tud/myvidstercom_hacked_1_million_member_database/" target="_blank" rel="noopener" rel="noopener" rel="noopener">MyVidster was hacked</a> and nearly 20,000 accounts were dumped online. The dump included usernames, email addresses and hashed passwords.,Email addresses,Passwords,Usernames
Naughty America,NaughtyAmerica,naughtyamerica.com,2016-03-14,2016-04-24T06:14:42Z,1398630,In March 2016, the adult website <a href="http://www.forbes.com/sites/thomasbrewster/2016/04/14/naughty-america-fappening-hacked-porn-sites/" target="_blank" rel="noopener" rel="noopener" rel="noopener">Naughty America was hacked and the data consequently sold online</a>. The breach included data from numerous systems with various personal identity attributes, the largest of which had passwords stored as easily crackable MD5 hashes. There were 1.4 million unique email addresses in the breach.,Dates of birth,Email addresses,IP addresses,Passwords
Neopets,Neopets,neopets.com,2013-05-05,2016-07-07T23:00:10Z,26892897,In May 2016, <a href="http://motherboard.vice.com/read/neopets-hack-another-day-another-hack-tens-of-millions-of-neopets-accounts" target="_blank" rel="noopener" rel="noopener" rel="noopener">a set of breached data originating from the virtual pet website &quot;Neopets&quot; was found being traded online</a>. Allegedly hacked &quot;several years earlier&quot;, the data contains sensitive personal information including birthdates, genders and names as well as almost 27 million unique email addresses. Passwords were stored in plain text and IP addresses were also present in the breach.,Dates of birth,Email addresses,Genders,Geographic locations
Neteller,Neteller,neteller.com,2010-05-17,2015-11-30T10:26:47Z,3619948,In May 2010, the e-wallet service known as Neteller <a href="http://www.forbes.com/sites/thomasbrewster/2015/11/30/paysafe-optimal-neteller-moneybookers-gambling-cyberattacks-data-breach/" target="_blank" rel="noopener" rel="noopener" rel="noopener">suffered a data breach which exposed over 3.6M customers</a>. The breach was not discovered until October 2015 and included names, email addresses, home addresses and account balances.,Account balances,Dates of birth,Email addresses,Genders
NextGenUpdate,NextGenUpdate,nextgenupdate.com,2014-04-22,2015-06-05T04:12:29Z,1194597,Early in 2014, the video game website <a href="http://www.nextgenupdate.com" target="_blank" rel="noopener" rel="noopener" rel="noopener">NextGenUpdate</a> reportedly <a href="https://leakforums.org/thread-265363" target="_blank" rel="noopener" rel="noopener" rel="noopener">suffered a data breach</a> that disclosed almost 1.2 million accounts. Amongst the data breach was usernames, email addresses, IP addresses and salted and hashed passwords.,Email addresses,IP addresses,Passwords,Usernames
Nexus Mods,NexusMods,nexusmods.com,2013-07-22,2016-01-17T17:18:47Z,5915013,In December 2015, the game modding site Nexus Mods <a href="http://www.nexusmods.com/games/news/12670/" target="_blank" rel="noopener" rel="noopener" rel="noopener">released a statement notifying users that they had been hacked</a>. They subsequently dated the hack as having occurred in July 2013 although there is evidence to suggest the data was being traded months in advance of that. The breach contained usernames, email addresses and passwords stored as a salted hashes.,Email addresses,Passwords,Usernames
Nihonomaru,Nihonomaru,nihonomaru.net,2015-12-01,2016-08-30T09:54:55Z,1697282,In late 2015, the anime community known as Nihonomaru had their vBulletin forum hacked and 1.7 million accounts exposed. The compromised data included email and IP addresses, usernames and salted hashes of passwords.,Email addresses,IP addresses,Passwords,Usernames
Nival,Nival,nival.com,2016-02-29,2016-03-03T00:32:49Z,1535473,In February 2016, the Russian gaming company <a href="http://nival.com" target="_blank" rel="noopener" rel="noopener" rel="noopener">Nival</a> was the target of an attack which was consequently <a href="https://www.reddit.com/r/pwned/comments/47u1bf/operation_wrath_of_anakin_evolved" target="_blank" rel="noopener" rel="noopener" rel="noopener">detailed on Reddit</a>. Allegedly protesting &quot;the foreign policy of Russia in regards to Ukraine&quot;, Nival was one of several Russian sites in the breach and impacted over 1.5M accounts including sensitive personal information.,Avatars,Dates of birth,Email addresses,Genders
Nulled,Nulled,nulled.cr,2016-05-06,2016-05-09T11:28:01Z,599080,In May 2016, the cracking community forum known as <a href="http://nulled.cr/" target="_blank" rel="noopener" rel="noopener" rel="noopener">Nulled</a> was hacked and 599k user accounts were leaked publicly. The compromised data included email and IP addresses, weak salted MD5 password hashes and hundreds of thousands of private messages between members.,Dates of birth,Email addresses,IP addresses,Passwords
OwnedCore,OwnedCore,OwnedCore.com,2013-08-01,2016-02-06T02:53:13Z,880331,In approximately August 2013, the World of Warcraft exploits forum known as <a href="http://www.ownedcore.com" target="_blank" rel="noopener" rel="noopener" rel="noopener">OwnedCore</a> was hacked and more than 880k accounts were exposed. The vBulletin forum included IP addresses and passwords stored as salted hashes using a weak implementation enabling many to be rapidly cracked.,Email addresses,IP addresses,Passwords,Usernames
Paddy Power,PaddyPower,paddypower.com,2010-10-25,2015-10-11T01:26:05Z,590954,In October 2010, the Irish bookmaker <a href="http://www.telegraph.co.uk/technology/internet-security/11005558/Irish-government-disappointed-over-Paddy-Power-hack.html" target="_blank" rel="noopener" rel="noopener" rel="noopener">Paddy Power suffered a data breach</a> that exposed 750,000 customer records with nearly 600,000 unique email addresses. The breach was not disclosed until July 2014 and contained extensive personal information including names, addresses, phone numbers and plain text security questions and answers.,Account balances,Dates of birth,Email addresses,IP addresses
Patreon,Patreon,patreon.com,2015-10-01,2015-10-02T02:29:20Z,2330382,In October 2015, the crowdfunding site <a href="http://www.zdnet.com/article/patreon-hacked-anonymous-patrons-exposed/" target="_blank" rel="noopener" rel="noopener" rel="noopener">Patreon was hacked</a> and over 16GB of data was released publicly. The dump included almost 14GB of database records with more than 2.3M unique email addresses and millions of personal messages.,Email addresses,Payment histories,Private messages,Website activity
PHP Freaks,PHPFreaks,phpfreaks.com,2015-10-27,2015-10-30T14:19:52Z,173891,In October 2015, the PHP discussion board <a href="http://forums.phpfreaks.com/topic/298874-alert-the-phpfreaks-forum-members-data-appears-to-have-been-stolen" target="_blank" rel="noopener" rel="noopener" rel="noopener">PHP Freaks was hacked</a> and 173k user accounts were publicly leaked. The breach included multiple personal data attributes as well as salted and hashed passwords.,Dates of birth,Email addresses,IP addresses,Passwords
Pixel Federation,PixelFederation,pixelfederation.com,2013-12-04,2013-12-06T00:00:00Z,38108,In December 2013, a <a href="http://www.cyberwarnews.info/2013/12/04/pixel-federation-hacked-38000-user-credentials-leaked" target="_blank" rel="noopener" rel="noopener" rel="noopener">breach of the web-based game community based in Slovakia</a> exposed over 38,000 accounts which  were promptly posted online. The breach included email addresses and unsalted MD5 hashed passwords, many of which were easily converted back to plain text.,Email addresses,Passwords
Plex,Plex,plex.tv,2015-07-02,2016-02-08T01:35:48Z,327314,In July 2015, the discusison forum for Plex media centre <a href="https://blog.plex.tv/2015/07/02/security-notice-forum-user-password-resets" target="_blank" rel="noopener" rel="noopener" rel="noopener">was hacked and over 327k accounts exposed</a>. The IP.Board forum included IP addresses and passwords stored as salted hashes using a weak implementation enabling many to be rapidly cracked.,Email addresses,IP addresses,Passwords,Usernames
Pokemon Creed,PokemonCreed,pokemoncreed.net,2014-08-08,2014-08-10T00:03:59Z,116465,In August 2014, the Pokemon RPG website <a href="http://pokemoncreed.net" target="_blank" rel="noopener" rel="noopener" rel="noopener">Pokemon Creed</a> was hacked after a dispute with rival site, <a href="http://pkmndusk.in" target="_blank" rel="noopener" rel="noopener" rel="noopener">Pokemon Dusk</a>. In a <a href="https://www.facebook.com/ramandeep.s.dehal/posts/749666358442465" target="_blank" rel="noopener" rel="noopener" rel="noopener">post on Facebook</a>, &quot;Cruz Dusk&quot; announced the hack then pasted the dumped MySQL database on <a href="http://pkmndusk.in" target="_blank" rel="noopener" rel="noopener" rel="noopener">pkmndusk.in</a>. The breached data included over 116k usernames, email addresses and plain text passwords.,Email addresses,Genders,IP addresses,Passwords
PS3Hax,PS3Hax,ps3hax.net,2015-07-01,2016-02-07T04:44:49Z,447410,In approximately July 2015, the Sony Playstation hacks and mods forum known as <a href="http://www.ps3hax.net" target="_blank" rel="noopener" rel="noopener" rel="noopener">PS3Hax</a> was hacked and more than 447k accounts were exposed. The vBulletin forum included IP addresses and passwords stored as salted hashes using a weak implementation enabling many to be rapidly cracked.,Email addresses,IP addresses,Passwords,Usernames
PSX-Scene,PSX-Scene,psx-scene.com,2015-02-01,2016-02-07T03:46:46Z,341118,In approximately February 2015, the Sony Playstation forum known as <a href="http://psx-scene.com" target="_blank" rel="noopener" rel="noopener" rel="noopener">PSX-Scene</a> was hacked and more than 340k accounts were exposed. The vBulletin forum included IP addresses and passwords stored as salted hashes using a weak implementation enabling many to be rapidly cracked.,Email addresses,IP addresses,Passwords,Usernames
Qatar National Bank,QatarNationalBank,qnb.com,2015-07-01,2016-05-01T01:06:35Z,88678,In July 2015, the Qatar National Bank <a href="http://www.theregister.co.uk/2016/04/25/breaking_qatar_bank_hack/" target="_blank" rel="noopener" rel="noopener" rel="noopener">suffered a data breach</a> which exposed 15k documents totalling 1.4GB and detailing more than 100k accounts with passwords and PINs. The incident was made public some 9 months later in April 2016 when the documents appeared publicly on a file sharing site. Analysis of the breached data suggests <a href="http://blog.trendmicro.co.uk/qatar-bank-breach-lifts-the-veil-on-targeted-attack-strategies/#more-520" target="_blank" rel="noopener" rel="noopener" rel="noopener">the attack began by exploiting a SQL injection flaw</a> in the bank's website.,Bank account numbers,Banking PINs,Customer feedback,Dates of birth
Quantum Booter,QuantumBooter,quantumbooter.net,2014-03-18,2015-04-04T06:40:05Z,48592,In March 2014, the <a href="http://www.webopedia.com/TERM/B/booter_services.html">booter service</a> Quantum Booter (also referred to as Quantum Stresser) suffered a breach which lead to the disclosure of their internal database. The leaked data included private discussions relating to malicious activity Quantum Booter users were performing against online adversaries, including the IP addresses of those using the service to mount DDoS attacks.,Email addresses,IP addresses,Passwords,Private messages
R2Games,R2Games,r2games.com,2015-11-01,2016-02-09T12:20:35Z,22281337,In late 2015, the gaming website <a href="https://www.r2games.com" target="_blank" rel="noopener" rel="noopener" rel="noopener">R2Games</a> was hacked and more than 2.1M personal records disclosed. The vBulletin forum included IP addresses and passwords stored as salted hashes using a weak implementation enabling many to be rapidly cracked. A further 11M accounts were added to "Have I been pwned" in March 2016 and another 9M in July 2016 bringing the total to over 22M.,Email addresses,IP addresses,Passwords,Usernames
Rosebutt Board,RosebuttBoard,rosebuttboard.com,2016-05-09,2016-05-10T07:37:46Z,107303,Some time prior to May 2016, <a href="https://motherboard.vice.com/read/rosebuttboard-ip-board" target="_blank" rel="noopener" rel="noopener" rel="noopener">the forum known as &quot;Rosebutt Board&quot; was hacked</a> and 107k accounts were exposed. The self-described &quot;top one board for anal fisting, prolapse, huge insertions and rosebutt fans&quot; had email and IP addresses, usernames and weakly stored salted MD5 password hashes hacked from the IP.Board based forum.,Email addresses,IP addresses,Passwords,Usernames
Seedpeer,Seedpeer,seedpeer.eu,2015-07-12,2016-03-09T02:49:28Z,281924,In July 2015, the torrent site Seedpeer was hacked and 282k member records were exposed. The data included usernames, email addresses and passwords stored as weak MD5 hashes.,Email addresses,Passwords,Usernames
SkTorrent,SkTorrent,sktorrent.eu,2016-02-19,2016-02-23T03:30:49Z,117070,In February 2016, the Slovak torrent tracking site SkTorrent <a href="http://tech.sme.sk/c/20099331/hackeri-ukradli-na-slovensku-118-tisic-identit.html" target="_blank" rel="noopener" rel="noopener" rel="noopener">was hacked and over 117k records leaked online</a>. The data dump included usernames, email addresses and passwords stored in plain text.,Email addresses,Passwords,Usernames
Snapchat,Snapchat,snapchat.com,2014-01-01,2014-01-02T00:00:00Z,4609615,In January 2014 just one week after <a href="http://gibsonsec.org/snapchat/fulldisclosure/" target="_blank" rel="noopener" rel="noopener" rel="noopener">Gibson Security detailed vulnerabilities in the service</a>, Snapchat had 4.6 million usernames and phone number exposed. The attack involved <a href="http://www.troyhunt.com/2014/01/searching-snapchat-data-breach-with.html" target="_blank" rel="noopener" rel="noopener" rel="noopener">brute force enumeration of a large number of phone numbers</a> against the Snapchat API in what appears to be a response to Snapchat's assertion that such an attack was &quot;theoretical&quot;. Consequently, the breach enabled individual usernames (which are often used across other services) to be resolved to phone numbers which users usually wish to keep private.,Phone numbers,Usernames
Sony,Sony,sony.com,2011-06-02,2013-12-04T00:00:00Z,37103,In 2011, Sony suffered breach after breach after breach &mdash; it was a <em>very</em> bad year for them. The breaches spanned various areas of the business ranging from the PlayStation network all the way through to the motion picture arm, Sony Pictures. A SQL Injection vulnerability in <a href="http://www.sonypictures.com" target="_blank" rel="noopener" rel="noopener" rel="noopener">sonypictures.com</a> lead to <a href="http://www.troyhunt.com/2011/06/brief-sony-password-analysis.html" target="_blank" rel="noopener" rel="noopener" rel="noopener">tens of thousands of accounts across multiple systems being exposed</a> complete with plain text passwords.,Dates of birth,Email addresses,Genders,Names
Spirol,Spirol,spirol.com,2014-02-22,2014-02-22T20:47:56Z,55622,In February 2014, Connecticut based Spirol Fastening Solutions <a href="http://news.softpedia.com/news/Details-of-70-000-Users-Leaked-by-Hackers-From-Systems-of-SPIROL-International-428669.shtml" target="_blank" rel="noopener" rel="noopener" rel="noopener">suffered a data breach that exposed over 70,000 customer records</a>. The attack was allegedly mounted by exploiting a SQL injection vulnerability which yielded data from Spirol’s CRM system ranging from customers’ names, companies, contact information and over 55,000 unique email addresses.,Email addresses,Employers,Job titles,Names
StarNet,StarNet,starnet.md,2015-02-26,2015-04-11T06:35:46Z,139395,In February 2015, the Moldavian ISP &quot;StarNet&quot; <a href="http://www.moldova.org/the-database-of-an-internet-provider-from-moldova-was-stolen-and-published/" target="_blank" rel="noopener" rel="noopener" rel="noopener">had it's database published online</a>. The dump included nearly 140k email addresses, many with personal details including contact information, usage patterns of the ISP and even passport numbers.,Customer interactions,Dates of birth,Email addresses,Genders
Stratfor,Stratfor,stratfor.com,2011-12-24,2013-12-04T00:00:00Z,859777,In December 2011, &quot;Anonymous&quot; <a href="http://www.troyhunt.com/2011/12/5-website-security-lessons-courtesy-of.html" target="_blank" rel="noopener" rel="noopener" rel="noopener">attacked the global intelligence company known as &quot;Stratfor&quot;</a> and consequently disclosed a veritable treasure trove of data including hundreds of gigabytes of email and tens of thousands of credit card details which were promptly used by the attackers to make charitable donations (among other uses). The breach also included 860,000 user accounts complete with email address, time zone, some internal system data and MD5 hashed passwords with no salt.,Credit cards,Email addresses,Names,Passwords
Sumo Torrent,SumoTorrent,sumotorrent.sx,2014-06-21,2016-03-09T01:23:23Z,285191,In June 2014, the torrent site Sumo Torrent was hacked and 285k member records were exposed. The data included IP addresses, email addresses and passwords stored as weak MD5 hashes.,Email addresses,IP addresses,Passwords,Usernames
Team SoloMid,Solomid,solomid.net,2014-12-22,2016-03-09T13:04:08Z,442166,In December 2014, the electronic sports organisation known as <a href="http://www.dailydot.com/esports/null-consolidated-team-solomid-hack/" target="_blank" rel="noopener" rel="noopener" rel="noopener">Team SoloMid was hacked</a> and 442k members accounts were leaked. The accounts included email and IP addresses, usernames and salted hashes of passwords.,Email addresses,IP addresses,Passwords,Usernames
Telecom Regulatory Authority of India,TRAI,trai.gov.in,2015-04-27,2015-04-27T11:21:59Z,107776,In April 2015, the Telecom Regulatory Authority of India (TRAI) <a href="http://www.dnaindia.com/scitech/report-email-savetheinternet-net-neutrality-campaign-public-privacy-spam-phishing-2081037" target="_blank" rel="noopener" rel="noopener" rel="noopener">published tens of thousand of emails</a> sent by Indian citizens supporting net neutrality as part of the SaveTheInternet campaign. The published data included lists of emails including the sender's name and email address as well as the contents of the email as well, often with signatures including other personal data.,Email addresses,Email messages
Teracod,Teracod,teracod.org,2016-05-28,2016-08-22T11:21:27Z,97151,In May 2015, almost 100k user records were extracted from the Hungarian torrent site known as Teracod. The data was later discovered being torrented itself and included email addresses, passwords, private messages between members and the peering history of IP addresses using the service.,Avatars,Email addresses,IP addresses,Passwords
Tesco,Tesco,tesco.com,2014-02-12,2014-02-13T21:19:24Z,2239,In February 2014, <a href="http://www.bbc.co.uk/news/technology-26171130" target="_blank" rel="noopener" rel="noopener" rel="noopener">over 2,000 Tesco accounts with usernames, passwords and loyalty card balances appeared on Pastebin</a>. Whilst the source of the breach is not clear, many confirmed the credentials were valid for Tesco and indeed <a href="http://www.troyhunt.com/2012/07/lessons-in-website-security-anti.html" target="_blank" rel="noopener" rel="noopener" rel="noopener"> they have a history of poor online security</a>.,Email addresses,Passwords,Reward program balances
The Fappening,TheFappening,thefappening.so,2015-12-01,2016-04-13T01:08:20Z,179030,In December 2015, the forum for discussing naked celebrity photos known as &quot;The Fappening&quot; (named after the iCloud leaks of 2014) was compromised and 179k accounts were leaked. Exposed member data included usernames, email addresses and salted hashes of passwords.,Email addresses,Passwords,Usernames
ThisHabbo Forum,ThisHabboForum,thishabboforum.com,2014-01-01,2015-03-28T05:35:28Z,27978,In 2014, the ThisHabbo forum (a fan site for Habbo.com, a Finnish social networking site) <a href="https://www.google.com/search?q="thishabbo_forum.txt" target="_blank" rel="noopener" rel="noopener" rel="noopener">appeared among a list of compromised sites</a> which has subsequently been removed from the internet. Whilst the actual date of the exploit is not clear, the breached data includes usernames, email addresses, IP addresses and salted hashes of passwords.,Email addresses,IP addresses,Passwords,Usernames
Tianya,Tianya,tianya.cn,2011-12-26,2016-06-30T03:39:05Z,29020808,In December 2011, <a href="http://thehackernews.com/2011/12/tianya-chinas-biggest-online-forum-40.html" target="_blank" rel="noopener" rel="noopener" rel="noopener">China's largest online forum known as Tianya was hacked</a> and tens of millions of accounts were obtained by the attacker. The leaked data included names, usernames and email addresses.,Email addresses,Names,Usernames
Trillian,Trillian,trillian.im,2015-12-27,2016-07-15T11:14:44Z,3827238,In December 2015, the instant messaging application <a href="https://www.trillian.im/help/trillian-blog-and-forums-security-incident/" target="_blank" rel="noopener" rel="noopener" rel="noopener">Trillian suffered a data breach</a>. The breach became known in July 2016 and exposed various personal data attributes including names, email addresses and passwords stored as salted MD5 hashes.,Dates of birth,Email addresses,IP addresses,Names
TruckersMP,TruckersMP,truckersmp.com,2016-02-25,2016-04-24T21:27:05Z,83957,In February 2016, the online trucking simulator mod <a href="http://truckersmp.com/en_US/blog/8" target="_blank" rel="noopener" rel="noopener" rel="noopener">TruckersMP suffered a data breach</a> which exposed 84k user accounts. In a first for "Have I been pwned", <a href="https://www.troyhunt.com/100-data-breaches-later-have-i-been-pwned-gets-its-first-self-submission/" target="_blank" rel="noopener" rel="noopener" rel="noopener">the breached data was self-submitted directly by the organisation that was breached itself</a>.,Email addresses,Passwords,Usernames
tumblr,Tumblr,tumblr.com,2013-02-28,2016-05-29T22:59:04Z,65469298,In early 2013, <a href="https://staff.tumblr.com/post/144263069415/we-recently-learned-that-a-third-party-had" target="_blank" rel="noopener" rel="noopener" rel="noopener">tumblr suffered a data breach</a> which resulted in the exposure of over 65 million accounts. The data was later put up for sale on a dark market website and included email addresses and passwords stored as salted SHA1 hashes.,Email addresses,Passwords
Uiggy,Uiggy,uiggy.com,2016-06-01,2016-06-27T08:07:18Z,2682650,In June 2016, the Facebook application known as <a href="http://www.uiggy.com" target="_blank" rel="noopener" rel="noopener" rel="noopener">Uiggy</a> was hacked and 4.3M accounts were exposed, 2.7M of which had email addresses against them. The leaked accounts also exposed names, genders and the Facebook ID of the owners.,Email addresses,Genders,Names,Social connections
UN Internet Governance Forum,IGF,intgovforum.org,2014-02-20,2014-02-23T04:32:08Z,3200,In February 2014, the Internet Governance Forum (formed by the United Nations for policy dialogue on issues of internet governance) was <a href="http://www.cyberwarnews.info/2014/02/20/united-nations-internet-governance-forum-hacked-3215-accounts-leaked/" target="_blank" rel="noopener" rel="noopener" rel="noopener">attacked by hacker collective known as Deletesec</a>. Although tasked with &quot;ensuring the security and stability of the Internet&quot;, the IGF’s website was still breached and resulted in the leak of 3,200 email addresses, names, usernames and cryptographically stored passwords.,Email addresses,Names,Passwords,Usernames
vBulletin,VBulletin,vbulletin.com,2015-11-03,2016-01-24T13:15:11Z,518966,In November 2015, the forum software maker <a href="http://www.theregister.co.uk/2015/11/03/vbulletin_forum_software_hacked_defaced/" target="_blank" rel="noopener" rel="noopener" rel="noopener">vBulletin suffered a serious data breach</a>. The attack lead to the release of both forum user and customer accounts totalling almost 519k records. The breach included email addresses, birth dates, security questions and answers for customers and salted hashes of passwords for both sources.,Dates of birth,Email addresses,Homepage URLs,Instant messenger identities
Verified,Verified,verified.cm,2014-01-10,2014-07-06T04:16:37Z,16919,In January 2014, <a href="http://securityaffairs.co/wordpress/21120/cyber-crime/verified-communities-hacked.html" target="_blank" rel="noopener" rel="noopener" rel="noopener">one of the largest communities of Eastern Europe cybercriminals known as "Verified" was hacked</a>. The breach exposed nearly 17k users of the vBulletin forum including their personal messages and other potentially personally identifiable information.,Email addresses,Historical passwords,IP addresses,Passwords
VK,VK,vk.com,2012-01-01,2016-06-09T09:16:36Z,93338602,In approximately 2012, the Russian social media site known as <a href="http://motherboard.vice.com/read/another-day-another-hack-100-million-accounts-for-vk-russias-facebook" target="_blank" rel="noopener" rel="noopener" rel="noopener">VK was hacked</a> and almost 100 million accounts were exposed. The data emerged in June 2016 where it was being sold via a dark market website and included names, phone numbers email addresses and plain text passwords.,Email addresses,Names,Passwords,Phone numbers
Vodafone,Vodafone,vodafone.is,2013-12-12,2013-11-30T00:00:00Z,56021,In November 2013, <a href="http://thehackernews.com/2013/11/vodafone-iceland-hacked-and-exposed.html" target="_blank" rel="noopener" rel="noopener" rel="noopener">Vodafone in Iceland suffered an attack</a> attributed to the Turkish hacker collective &quot;Maxn3y&quot;. The data was consequently publicly exposed and included user names, email addresses, social security numbers, SMS message, server logs and passwords from a variety of different internal sources.,Credit cards,Email addresses,Government issued IDs,IP addresses
VTech,VTech,vtechda.com,2015-11-13,2015-11-25T07:00:57Z,4833678,In November 2015, <a href="http://www.troyhunt.com/2015/11/when-children-are-breached-inside.html" target="_blank" rel="noopener" rel="noopener" rel="noopener">hackers extracted more than 4.8 million parents' and 227k children's accounts from VTech's Learning Lodge website</a>. The Hong Kong company produces learning products for children including software sold via the compromised website. The data breach exposed extensive personal details including home addresses, security questions and answers and passwords stored as weak MD5 hashes. Furthermore, children's details including names, ages, genders and associations to their parents' records were also exposed.,Dates of birth,Email addresses,Family members' names,Genders
Warframe,Warframe,warframe.com,2014-11-24,2016-07-21T02:25:49Z,819478,In November 2014, the online game <a href="http://motherboard.vice.com/read/gaming-site-warframe-hacked" target="_blank" rel="noopener" rel="noopener" rel="noopener">Warframe was hacked</a> and 819k unique email addresses were exposed. Allegedly due to a SQL injection flaw in Drupal, the attack exposed usernames, email addresses and data in a "pass" column which adheres to the salted SHA12 password hashing pattern used by Drupal 7. Digital Extremes (the developers of Warframe), asserts the salted hashes are of "alias names" rather than passwords.,Email addresses,Usernames,Website activity
WHMCS,WHMCS,whmcs.com,2012-05-21,2016-06-28T23:47:07Z,134047,In May 2012, the web hosting, billing and automation company <a href="http://news.softpedia.com/news/UGNazi-Leaks-1-7-GB-of-Data-from-WHMCS-Servers-270914.shtml" target="_blank" rel="noopener" rel="noopener" rel="noopener">WHMCS suffered a data breach</a> that exposed 134k email addresses. The breach included extensive information about customers and payment histories including partial credit card numbers.,Email addresses,Email messages,Employers,IP addresses
WildStar,WildStar,wildstar-online.com,2015-07-11,2016-03-06T21:41:16Z,738556,In July 2015, the IP.Board forum for the gaming website <a href="http://www.wildstar-online.com" target="_blank" rel="noopener" rel="noopener" rel="noopener">WildStar</a> suffered a data breach that exposed over 738k forum members' accounts. The data was being actively traded on underground forums and included email addresses, birth dates and passwords.,Dates of birth,Email addresses,IP addresses,Passwords
Win7Vista Forum,Win7Vista,win7vista.com,2013-09-03,2014-06-01T10:01:32Z,202683,In September 2013, the <a href="http://www.win7vista.com" target="_blank" rel="noopener" rel="noopener" rel="noopener">Win7Vista</a> Windows forum (since renamed to the "Beyond Windows 9" forum) was hacked and later <a href="http://leak.sx/thread-186933" target="_blank" rel="noopener" rel="noopener" rel="noopener">had its internal database dumped</a>. The dump included over 200k members’ personal information and other internal data extracted from the forum.,Email addresses,Instant messenger identities,IP addresses,Names
WPT Amateur Poker League,WPT,wptapl.com,2014-01-04,2014-02-01T02:57:21Z,148366,In January 2014, the <a href="http://www.wptapl.com" target="_blank" rel="noopener" rel="noopener" rel="noopener">World Poker Tour (WPT) Amateur Poker League website</a> was hacked by the Twitter user @smitt3nz. The attack resulted in the public disclosure of 175,000 accounts including 148,000 email addresses. The plain text password for each account was also included in the breach.,Email addresses,Passwords
xat,xat,xat.com,2015-11-04,2016-08-05T06:53:35Z,5968783,In November 2015, the online chatroom known as <a href="http://xat.com/databreach.html" target="_blank" rel="noopener" rel="noopener" rel="noopener">&quot;xat&quot; was hacked</a> and 6 million user accounts were exposed. Used as a chat engine on websites, the leaked data included usernames, email and IP addresses along with hashed passwords.,Email addresses,IP addresses,Passwords,Usernames
Xbox-Scene,Xbox-Scene,xboxscene.com,2015-02-01,2016-02-07T20:26:56Z,432552,In approximately February 2015, the Xbox forum known as <a href="http://xboxscene.com/" target="_blank" rel="noopener" rel="noopener" rel="noopener">Xbox-Scene</a> was hacked and more than 432k accounts were exposed. The IP.Board forum included IP addresses and passwords stored as salted hashes using a weak implementation enabling many to be rapidly cracked.,Email addresses,IP addresses,Passwords,Usernames
XSplit,XSplit,xsplit.com,2013-11-07,2015-08-08T04:28:48Z,2983472,In November 2013, the makers of gaming live streaming and recording software <a href="https://www.xsplit.com/blog/xsplit-password-reset-alert" target="_blank" rel="noopener" rel="noopener" rel="noopener">XSplit was compromised in an online attack</a>. The data breach leaked almost 3M names, email addresses, usernames and hashed passwords.,Email addresses,Names,Passwords,Usernames
Yahoo,Yahoo,yahoo.com,2012-07-11,2013-12-04T00:00:00Z,453427,In July 2012, Yahoo! had their online publishing service &quot;Voices&quot; compromised via a SQL injection attack. The breach resulted in the disclosure of nearly half a million usernames and passwords stored in plain text. The breach showed that of the compromised accounts, a staggering <a href="http://www.troyhunt.com/2012/07/what-do-sony-and-yahoo-have-in-common.html" target="_blank" rel="noopener" rel="noopener" rel="noopener">59% of people who also had accounts in the Sony breached reused their passwords across both services</a>.,Email addresses,Passwords
Yandex Dump,Yandex,forum.btcsec.com,2014-09-07,2014-09-12T04:50:32Z,1186564,In September 2014, <a href="http://habrahabr.ru/post/235949/" target="_blank" rel="noopener" rel="noopener" rel="noopener">news broke of a massive leak of accounts from Yandex</a>, the Russian search engine giants who also provides email services. The purported million &quot;breached&quot; accounts were disclosed at the same time as nearly 5M mail.ru accounts with <a href="http://globalvoicesonline.org/2014/09/10/russia-email-yandex-mailru-passwords-hacking/" target="_blank" rel="noopener" rel="noopener" rel="noopener">both companies claiming the credentials were acquired via phishing scams</a> rather than being obtained as a result of direct attacks against their services.,Email addresses,Passwords
YouPorn,YouPorn,youporn.com,2012-02-21,2015-07-30T05:32:00Z,1327567,In February 2012, the adult website YouPorn <a href="http://www.huffingtonpost.com/2012/02/22/youporn-hacked-email-addresses-passwords_n_1294502.html" target="_blank" rel="noopener" rel="noopener" rel="noopener">had over 1.3M user accounts exposed in a data breach</a>. The publicly released data included both email addresses and plain text passwords. Credit to <a href="http://squeal.net/" target="_blank" rel="noopener" rel="noopener" rel="noopener">squeal.net</a> for providing the data breach.,Email addresses,Passwords
Спрашивай.ру,SprashivaiRu,sprashivai.ru,2015-05-11,2015-05-12T23:50:08Z,3474763,In May 2015, <a href="http://sprashivai.ru/" target="_blank" rel="noopener" rel="noopener" rel="noopener">Спрашивай.ру</a> (a the Russian website for anonymous reviews) was <a href="http://tjournal.ru/p/sprashivairu-passwords-leak" target="_blank" rel="noopener" rel="noopener" rel="noopener">reported to have had 6.7 million user details exposed</a> by a hacker known as &quot;w0rm&quot;. Intended to be a site for expressing anonymous opinions, the leaked data included email addresses, birth dates and other personally identifiable data about almost 3.5 million unique email addresses found in the leak.,Dates of birth,Email addresses,Genders,Geographic locations
